135fe560-c9ac-439c-878c-4069ca12de9c,2e24571f-ac03-4bd1-b3b3-65f894cbe70c
b44be873-4c5a-4a9a-96ec-5ca8b7bd3d4d,2e24571f-ac03-4bd1-b3b3-65f894cbe70c
47d8c38f-1058-410b-8f90-1deb60231ced,6c884661-12e0-404a-86ef-c96be2a7f317
7052ab73-bd01-40cc-8ddf-8cf324fde991,864ed261-7bec-436e-afaa-a5a956b80b28
02b105da-1ab8-4de0-b2af-968abe293b9f,8ce5d4c8-e65c-4e43-9b62-2502caba9a6d
03d72cd1-9a75-422b-b5d6-97021dbc9d48,8ce5d4c8-e65c-4e43-9b62-2502caba9a6d
0a37692b-d844-4a9c-b9f0-9665d4ba7ab5,8ce5d4c8-e65c-4e43-9b62-2502caba9a6d
0a9b1224-a726-46c0-aec7-bc40c41ea517,8ce5d4c8-e65c-4e43-9b62-2502caba9a6d
0bfed41d-ca3e-460c-ad81-5bd2412df03b,8ce5d4c8-e65c-4e43-9b62-2502caba9a6d
0eae02bd-c1d8-4015-9ebe-8e56127bbc20,8ce5d4c8-e65c-4e43-9b62-2502caba9a6d
0ee2bb84-c2df-4834-9b15-c7c3216321b2,8ce5d4c8-e65c-4e43-9b62-2502caba9a6d
11a063cf-f93c-4d04-9ba4-c1e06d01c593,8ce5d4c8-e65c-4e43-9b62-2502caba9a6d
15415176-2b89-4277-8968-bb629c3ab114,8ce5d4c8-e65c-4e43-9b62-2502caba9a6d
15ac62fd-b39b-4565-8fba-8d9d673fa82b,8ce5d4c8-e65c-4e43-9b62-2502caba9a6d
193cd5db-ad70-461a-ba7a-7aaa7cf3965c,8ce5d4c8-e65c-4e43-9b62-2502caba9a6d
195d44aa-9b39-404b-bc96-9aec75c39aef,8ce5d4c8-e65c-4e43-9b62-2502caba9a6d
196a51e3-4968-45f3-9cab-3e71142b76c2,8ce5d4c8-e65c-4e43-9b62-2502caba9a6d
1d01cec2-9e0b-4320-bf9d-f7bc27e38345,8ce5d4c8-e65c-4e43-9b62-2502caba9a6d
1d8823b0-40ce-4c2f-8c76-6e0986be0ab1,8ce5d4c8-e65c-4e43-9b62-2502caba9a6d
2029152b-d306-4707-8bf7-ea55773cd28f,8ce5d4c8-e65c-4e43-9b62-2502caba9a6d
2040e0a1-7567-4bde-8633-249430522b00,8ce5d4c8-e65c-4e43-9b62-2502caba9a6d
234a58d1-73d5-43d2-99ed-200c1625ef28,8ce5d4c8-e65c-4e43-9b62-2502caba9a6d
245fa3c6-0b84-477a-acec-203b3672e241,8ce5d4c8-e65c-4e43-9b62-2502caba9a6d
24fc0854-9dfa-4fb2-979d-042b1b167402,8ce5d4c8-e65c-4e43-9b62-2502caba9a6d
250d9a97-9e63-4b5e-8321-dfc7d11f6275,8ce5d4c8-e65c-4e43-9b62-2502caba9a6d
261ba701-d2e3-449c-af6e-ef3ebd7d0259,8ce5d4c8-e65c-4e43-9b62-2502caba9a6d
2670a9e0-0ab5-453d-9b2a-250cc73d81ca,8ce5d4c8-e65c-4e43-9b62-2502caba9a6d
2813c76c-ff89-43fd-b2e4-7df69bb357f9,8ce5d4c8-e65c-4e43-9b62-2502caba9a6d
2a2e0848-d57d-47f0-bc3e-fac93f329fcf,8ce5d4c8-e65c-4e43-9b62-2502caba9a6d
2a4d2855-069f-4054-927c-fca13ee47443,8ce5d4c8-e65c-4e43-9b62-2502caba9a6d
2ad2c5d3-1da0-493e-912c-f0d29f840883,8ce5d4c8-e65c-4e43-9b62-2502caba9a6d
2b2febee-e975-47c5-b1ed-6f67d9c8d38a,8ce5d4c8-e65c-4e43-9b62-2502caba9a6d
2b7c9af4-70a4-45b2-8174-0e9ef4209acb,8ce5d4c8-e65c-4e43-9b62-2502caba9a6d
2d3342c1-26d1-42dd-979f-b5149e02f116,8ce5d4c8-e65c-4e43-9b62-2502caba9a6d
2d6c99e1-620f-4797-a10f-48cae84ad638,8ce5d4c8-e65c-4e43-9b62-2502caba9a6d
2f73371c-e97d-405f-a630-be415d9f4fd0,8ce5d4c8-e65c-4e43-9b62-2502caba9a6d
317717e9-db20-4ccd-84c2-bc9ebf094284,8ce5d4c8-e65c-4e43-9b62-2502caba9a6d
355ed232-86e2-450c-a5c0-68239934a026,8ce5d4c8-e65c-4e43-9b62-2502caba9a6d
3636c501-0d02-485e-b28e-1ecf23d4665b,8ce5d4c8-e65c-4e43-9b62-2502caba9a6d
38580789-5a88-4ebf-a46d-995aaee5ffaa,8ce5d4c8-e65c-4e43-9b62-2502caba9a6d
3956064c-9bec-41c2-9643-5018fb90e256,8ce5d4c8-e65c-4e43-9b62-2502caba9a6d
3a2a2b2a-3572-4802-a047-7b6a11e7b7d7,8ce5d4c8-e65c-4e43-9b62-2502caba9a6d
3f4079e4-b095-42ff-a4cb-ebbf6944e5c6,8ce5d4c8-e65c-4e43-9b62-2502caba9a6d
3fdfc8c8-2824-40a6-99d1-3c332850867d,8ce5d4c8-e65c-4e43-9b62-2502caba9a6d
411f1f4f-8cad-4b26-b571-fbb598ee8913,8ce5d4c8-e65c-4e43-9b62-2502caba9a6d
44cc9b3f-0475-4a7f-a4bb-3789aa444b2f,8ce5d4c8-e65c-4e43-9b62-2502caba9a6d
46bedd66-0ef0-442e-8e60-59d3debc3e1b,8ce5d4c8-e65c-4e43-9b62-2502caba9a6d
47844053-5ca8-4e67-9513-9446f63ba10a,8ce5d4c8-e65c-4e43-9b62-2502caba9a6d
493892c1-aa31-4f1c-829c-7622955d61fb,8ce5d4c8-e65c-4e43-9b62-2502caba9a6d
4a116996-910f-4c94-a004-680e3bf00bd8,8ce5d4c8-e65c-4e43-9b62-2502caba9a6d
4ad22d88-ee07-432c-a123-51b2c2245a75,8ce5d4c8-e65c-4e43-9b62-2502caba9a6d
4cc4d8d0-6ba5-425f-bbce-61e338b27a38,8ce5d4c8-e65c-4e43-9b62-2502caba9a6d
4e4f0895-ddf1-4e35-8419-66bc7ec74519,8ce5d4c8-e65c-4e43-9b62-2502caba9a6d
4f22388f-f12b-48b3-94a4-a7aeeef0bba5,8ce5d4c8-e65c-4e43-9b62-2502caba9a6d
4f707cc7-c2fa-4904-ad2e-bf55b3931f5c,8ce5d4c8-e65c-4e43-9b62-2502caba9a6d
5046b463-f16f-4400-a1b9-793a91b64918,8ce5d4c8-e65c-4e43-9b62-2502caba9a6d
5410b5d8-b50e-43e7-a530-1c2ea6aae67d,8ce5d4c8-e65c-4e43-9b62-2502caba9a6d
56b28da1-e5cc-4f47-b1d6-a011dc66a1fc,8ce5d4c8-e65c-4e43-9b62-2502caba9a6d
57159903-793b-4a6f-9503-d0f04d4f3d96,8ce5d4c8-e65c-4e43-9b62-2502caba9a6d
6727519d-74bb-450b-8390-3f3bf90b5e82,8ce5d4c8-e65c-4e43-9b62-2502caba9a6d
69508eb0-c6ac-4f64-a62b-e02689463ad8,8ce5d4c8-e65c-4e43-9b62-2502caba9a6d
6c2846b3-6b02-4f70-9559-95f6a3593c35,8ce5d4c8-e65c-4e43-9b62-2502caba9a6d
6d7e1b46-394a-4df3-ae58-6990dacdbe79,8ce5d4c8-e65c-4e43-9b62-2502caba9a6d
6da0345a-0e1b-4b61-95ee-665cb24ec071,8ce5d4c8-e65c-4e43-9b62-2502caba9a6d
70539c38-609a-4f75-8ab3-07e080907516,8ce5d4c8-e65c-4e43-9b62-2502caba9a6d
71881da9-39c8-49c9-a1ce-4ae93cb9b269,8ce5d4c8-e65c-4e43-9b62-2502caba9a6d
750a8c00-c523-4aa0-bed0-fd5bbc789adf,8ce5d4c8-e65c-4e43-9b62-2502caba9a6d
75f3ff5c-f7eb-4b5a-85c8-ac3389f09f17,8ce5d4c8-e65c-4e43-9b62-2502caba9a6d
766aeee3-8bda-4b3d-955a-8175529b5634,8ce5d4c8-e65c-4e43-9b62-2502caba9a6d
76bb18a4-ec20-49c5-bc25-3d2d4cb7087b,8ce5d4c8-e65c-4e43-9b62-2502caba9a6d
77aba0b9-d2b6-4d19-8133-3dd3ce5d1be4,8ce5d4c8-e65c-4e43-9b62-2502caba9a6d
77acbd63-e389-4d11-90fc-f243c8094798,8ce5d4c8-e65c-4e43-9b62-2502caba9a6d
7b51d2b1-e660-4049-88e0-1626545f59b6,8ce5d4c8-e65c-4e43-9b62-2502caba9a6d
7bc81bdc-aee2-4d02-a890-5f49234b6ed1,8ce5d4c8-e65c-4e43-9b62-2502caba9a6d
7f390fe0-8535-4546-966b-e296fcc53f8c,8ce5d4c8-e65c-4e43-9b62-2502caba9a6d
83cd0877-81da-44d9-abfe-0590a9aefa94,8ce5d4c8-e65c-4e43-9b62-2502caba9a6d
8748e84a-3b15-497c-8b8f-5cf58a21c0f6,8ce5d4c8-e65c-4e43-9b62-2502caba9a6d
879b391b-0758-46ce-b95e-4d6f2209cd6c,8ce5d4c8-e65c-4e43-9b62-2502caba9a6d
87dafd87-7b0d-4e7c-8407-1693d5010a27,8ce5d4c8-e65c-4e43-9b62-2502caba9a6d
8976c9fa-d4b4-4e21-8a8d-78c1569d8b1e,8ce5d4c8-e65c-4e43-9b62-2502caba9a6d
8cd314d7-a6b7-456d-9505-311bdbf3a944,8ce5d4c8-e65c-4e43-9b62-2502caba9a6d
8d5288db-1a90-4a27-aa27-04ef522cff11,8ce5d4c8-e65c-4e43-9b62-2502caba9a6d
8fda47da-0162-4fc5-af33-fa51cf1897b5,8ce5d4c8-e65c-4e43-9b62-2502caba9a6d
90a7815e-9f6e-404c-aa13-6a05a05303e7,8ce5d4c8-e65c-4e43-9b62-2502caba9a6d
918beeb4-f57d-43af-8a80-c6dc3123467f,8ce5d4c8-e65c-4e43-9b62-2502caba9a6d
91b77473-c0cc-4074-8cc7-b354eb3ea122,8ce5d4c8-e65c-4e43-9b62-2502caba9a6d
93d06c40-dd0a-40c5-9c4d-95afdf5f7be7,8ce5d4c8-e65c-4e43-9b62-2502caba9a6d
941a20fc-8b4d-48a8-83e9-58486eb5ff09,8ce5d4c8-e65c-4e43-9b62-2502caba9a6d
9483495b-7e92-4d71-8e87-82767094b7f4,8ce5d4c8-e65c-4e43-9b62-2502caba9a6d
94c07afc-1c24-4bd8-a14a-be46bb28bf1e,8ce5d4c8-e65c-4e43-9b62-2502caba9a6d
982e12c7-4000-4085-85af-2391125d9730,8ce5d4c8-e65c-4e43-9b62-2502caba9a6d
9ba551ee-55c8-4d97-aa18-f64569abe6de,8ce5d4c8-e65c-4e43-9b62-2502caba9a6d
9c3f145e-3329-4ac1-877a-eb62f5f353d5,8ce5d4c8-e65c-4e43-9b62-2502caba9a6d
a2af8b0f-3069-4cdd-b720-ad701a33122c,8ce5d4c8-e65c-4e43-9b62-2502caba9a6d
a7137ee3-1f44-4bd3-8264-6e74e293c695,8ce5d4c8-e65c-4e43-9b62-2502caba9a6d
a728f32b-ed60-4d15-911a-64ca521c0268,8ce5d4c8-e65c-4e43-9b62-2502caba9a6d
ab460cf2-42af-424a-a2dd-6bee1b59e56b,8ce5d4c8-e65c-4e43-9b62-2502caba9a6d
abe1a538-b8a0-4d55-b700-c33c8e76d257,8ce5d4c8-e65c-4e43-9b62-2502caba9a6d
abfd2a4b-78ec-45f3-ac4f-2f706f92ec72,8ce5d4c8-e65c-4e43-9b62-2502caba9a6d
bb0395ba-639b-4c27-a81f-4f7a27866186,8ce5d4c8-e65c-4e43-9b62-2502caba9a6d
bdc5fa27-3815-46b2-a56a-24b5430b8591,8ce5d4c8-e65c-4e43-9b62-2502caba9a6d
bebe80f1-f7e3-45cc-baff-21d065b28b57,8ce5d4c8-e65c-4e43-9b62-2502caba9a6d
bfedf742-f218-4c34-a1ea-39b3171dc8f5,8ce5d4c8-e65c-4e43-9b62-2502caba9a6d
c03a030d-e52d-4db7-b387-cef0ee34c8ef,8ce5d4c8-e65c-4e43-9b62-2502caba9a6d
c25a6604-8378-4f3b-ba0f-6528968e6c22,8ce5d4c8-e65c-4e43-9b62-2502caba9a6d
c39f82ef-4896-4c5f-a968-c73cbb180f3b,8ce5d4c8-e65c-4e43-9b62-2502caba9a6d
c3c8a25e-e3e1-4e4f-a2a7-bcb2a6d5a5b7,8ce5d4c8-e65c-4e43-9b62-2502caba9a6d
c615a6cf-0fa9-4ed8-8427-9386a35159d2,8ce5d4c8-e65c-4e43-9b62-2502caba9a6d
c62be158-b9f0-46ff-82ce-e87371d8ff4d,8ce5d4c8-e65c-4e43-9b62-2502caba9a6d
c84a2d6d-3991-40bd-b81e-6ec401afaaeb,8ce5d4c8-e65c-4e43-9b62-2502caba9a6d
c8b7d512-7aec-4b5d-8b28-83f139ea2a6e,8ce5d4c8-e65c-4e43-9b62-2502caba9a6d
cb6fe0bd-9c9b-43d4-b152-982c89c20dba,8ce5d4c8-e65c-4e43-9b62-2502caba9a6d
d0c47d7d-4799-4e73-92d2-9db759761ada,8ce5d4c8-e65c-4e43-9b62-2502caba9a6d
d1d601ff-17d9-465b-8c53-e453ec8136a5,8ce5d4c8-e65c-4e43-9b62-2502caba9a6d
d4bbd0e7-0c47-4c18-83e0-5e5a74a1dc0b,8ce5d4c8-e65c-4e43-9b62-2502caba9a6d
d4f67b19-957b-4df7-8594-a9a88e115564,8ce5d4c8-e65c-4e43-9b62-2502caba9a6d
d547a8fe-525a-4c69-a92a-bdd617480d43,8ce5d4c8-e65c-4e43-9b62-2502caba9a6d
dbda6351-9ade-4329-9141-8b65642a1b2a,8ce5d4c8-e65c-4e43-9b62-2502caba9a6d
e50cfe67-71b3-47a5-9e53-64b8147ea228,8ce5d4c8-e65c-4e43-9b62-2502caba9a6d
e867c328-696e-4f49-bf6c-c838da6f3e47,8ce5d4c8-e65c-4e43-9b62-2502caba9a6d
e88f9887-8ef9-4075-906a-1afb4c497d16,8ce5d4c8-e65c-4e43-9b62-2502caba9a6d
ed0ad5ef-23af-4ea6-ad31-eadda23f4200,8ce5d4c8-e65c-4e43-9b62-2502caba9a6d
ef1a037e-aeef-4a9e-9cf9-d91975a1ff03,8ce5d4c8-e65c-4e43-9b62-2502caba9a6d
f2c7b71d-f818-4637-9265-c0cc97d8e83d,8ce5d4c8-e65c-4e43-9b62-2502caba9a6d
f42c6e88-7872-4573-8f21-88323459ec55,8ce5d4c8-e65c-4e43-9b62-2502caba9a6d
f5ab041b-d983-44a8-9d42-f89a3a310f29,8ce5d4c8-e65c-4e43-9b62-2502caba9a6d
f667f6fb-7c34-4442-a3a3-c28d04e0e848,8ce5d4c8-e65c-4e43-9b62-2502caba9a6d
f79cc46a-16eb-4ce6-ba44-437a04723b25,8ce5d4c8-e65c-4e43-9b62-2502caba9a6d
fc1cd51c-5624-4f20-9cf1-9c58dde02edd,8ce5d4c8-e65c-4e43-9b62-2502caba9a6d
fcb3797b-d085-4896-b47a-0e48b3581670,8ce5d4c8-e65c-4e43-9b62-2502caba9a6d
fd4dd887-fb96-42c4-ac34-8e3009d3b464,8ce5d4c8-e65c-4e43-9b62-2502caba9a6d
2137e4b8-260b-48cf-9921-51a6bbb52ba1,9c28dfa7-9ebf-4665-81f7-3d5d4eec7548
fefe8f39-617a-4a8c-90ec-49aadf2ca408,a4f8365f-d6f6-4abb-87d7-3c68cd68cc90
