02b105da-1ab8-4de0-b2af-968abe293b9f,2025-000114-LQ-0,2025-000114-LQ-0,liam.santos20260001@school.edu,LIAM.SANTOS20260001@SCHOOL.EDU,0,AQAAAAIAAYagAAAAEILdYVbm5W6gxa7iRoUiH6H6z5FEek+Y0Y3gwYEOeExtDHhFpLq7gqrxW/DrE9PclQ==,CLEZM44KOQP4GFXV55DYC4JY3DR7SFDM,3be7731d-0566-4bae-a972-5916fcc39a21,,0,0,,1,0
03d72cd1-9a75-422b-b5d6-97021dbc9d48,2023-00051-LQ-0,2023-00051-LQ-0,louise.ortega20260051@school.edu,LOUISE.ORTEGA20260051@SCHOOL.EDU,0,AQAAAAIAAYagAAAAEEUiZxt+tRdSHpxw7bJJ5EupBK3WX/xQfoNVggWAnitYoBDxUuuYOqZ41H+aRssZcw==,7YBOLZ2NWNKCZH2MMHCZTAFO7CINAV6Q,b6320373-0353-459f-97d1-ef72599ff6b3,,0,0,,1,0
0a37692b-d844-4a9c-b9f0-9665d4ba7ab5,2022-00064-LQ-0,2022-00064-LQ-0,anne.lopez20260024@school.edu,ANNE.LOPEZ20260024@SCHOOL.EDU,0,AQAAAAIAAYagAAAAEHt+cigBWWMs+7/C4c1ogI4rAQ/1Ws+4l1Z7lteMqVOHi8Pahp8y5I0p9rTU9a3tjQ==,FFD5LZ245ANHNNUGH6AR7H7722J4HHBW,426d5701-4330-4adb-a5bc-c17886a93548,,0,0,,1,0
0a9b1224-a726-46c0-aec7-bc40c41ea517,2024-00035-LQ-0,2024-00035-LQ-0,noelfuentes@gmail.com,NOELFUENTES@GMAIL.COM,0,AQAAAAIAAYagAAAAEGtEE0m9rRsDS5vYH3j9l7vyxlMKoRm+fG3feL2KXilHecQBdwWyJ0MkFeOtGVa80Q==,IA6RFSZ6BAACVUHZQGO6RCYDFJQUKUWD,85661ad0-f015-471b-b577-61d9c63079e8,,0,0,,1,0
0bfed41d-ca3e-460c-ad81-5bd2412df03b,2023-00058-LQ-0,2023-00058-LQ-0,tina.vergara20260058@school.edu,TINA.VERGARA20260058@SCHOOL.EDU,0,AQAAAAIAAYagAAAAEA94K4TAhO/v0szq3qIjsrrHXdX/SotwVbiVv6Gji8JXIGraKjmML4Wqhh9aL6Usiw==,LN2WO4TWHZBK7E5UZMBDHOEFNHUPFHXO,8c756eb8-e84f-4b91-884a-a587c324037a,,0,0,,1,0
0eae02bd-c1d8-4015-9ebe-8e56127bbc20,2023-00059-LQ-0,2023-00059-LQ-0,vanessa.watson20260059@school.edu,VANESSA.WATSON20260059@SCHOOL.EDU,0,AQAAAAIAAYagAAAAEAl3urhe0/5THAvkp771b1tTraZTg6POX0e/xn7QOaYlVg70QwfudMHrVa5XKSdSwQ==,OUYOY2C2YURGHVM3FVVQJ5GOWOZXS3BP,807ad411-64a8-44c9-ac6c-433dd432ffd6,,0,0,,1,0
0ee2bb84-c2df-4834-9b15-c7c3216321b2,2024-00050-LQ-0,2024-00050-LQ-0,kyle.nieto20260050@school.edu,KYLE.NIETO20260050@SCHOOL.EDU,0,AQAAAAIAAYagAAAAEK9eeU3F4iSDlNXEainqspwNeQKxoaWzsXcqu9oN0vChfg1ahoreiuqQgq1TvJVvmg==,O3N76S5DAB7HCIRDCSOHRT2EZSSOCZZQ,5b89103f-4e30-4ba5-8537-d4314046e5cb,,0,0,,1,0
11a063cf-f93c-4d04-9ba4-c1e06d01c593,2025-00005-LQ-0,2025-00005-LQ-0,markmendoza@gmail.com,MARKMENDOZA@GMAIL.COM,0,AQAAAAIAAYagAAAAED9e5ezEgvyuo/PWAYKCU1ZahpjKQIPfNNbFxJJ8kkjnIilvwd/SaS/Ll6uBYtSoWw==,VAZEZWQCLSLPNPYBJJZPTBJCGCHIFJCR,d96c1a3f-6386-436a-b869-c0d3ccdc8337,,0,0,,1,0
135fe560-c9ac-439c-878c-4069ca12de9c,2023-00015-LQ-0,2023-00015-LQ-0,camillecaralian@gmail.com,CAMILLECARALIAN@GMAIL.COM,0,AQAAAAIAAYagAAAAEGNZtRdtHsv94hO1q3xpDCADYD1NeyjgX2OpydjCLF4cv9Jn11PTfNXPChi7DxSGlA==,NVCM6667ZSXS32RUT4LWGWI5G7FLBXSK,030b3270-dcd5-434b-ab1d-287dac25ce55,,0,0,,1,0
15415176-2b89-4277-8968-bb629c3ab114,2024-00029-LQ-0,2024-00029-LQ-0,faithzamora@gmail.com,FAITHZAMORA@GMAIL.COM,0,AQAAAAIAAYagAAAAEHZwNIGzKSVibT01FW5nB2Sc+tcqDBaBWYC3GKJccOe2FHb8pXLB1Xd2kjI+HqzPzA==,N42JMJYWPSJ2LF2ES2MUSCFIQM6TCAMC,06c6d753-ce05-4db8-8de2-4798556bdfe8,,0,0,,1,0
15ac62fd-b39b-4565-8fba-8d9d673fa82b,2025-00007-LQ-0,2025-00007-LQ-0,lizaflores@gmail.com,LIZAFLORES@GMAIL.COM,0,AQAAAAIAAYagAAAAEDRvPU7PcmwgjpwpyR1kCwS16oUfk7LHa3PrByWom18cm94oGtqFZKKFcFACMu+XDg==,LE7MQ6GD42QIUDYFHGTU7RA56YXZSK34,36399ad1-7da9-4bc9-b524-7c20772ec089,,0,0,,1,0
193cd5db-ad70-461a-ba7a-7aaa7cf3965c,2025-00014-LQ-0,2025-00014-LQ-0,gracedomingo@gmail.com,GRACEDOMINGO@GMAIL.COM,0,AQAAAAIAAYagAAAAEDk241zVPXhOoiZsfA8JS98jZ6D9EMVhCVEU5UufhqaoXoUSNPz92e7dtW5KYADcjQ==,OJZQSEMDW7KH4ZAKXIOWEBG6OBLSVRZT,52bd2562-24b7-4e6e-8b0b-c92134c9561b,,0,0,,1,0
195d44aa-9b39-404b-bc96-9aec75c39aef,2023-00020-LQ-0,2023-00020-LQ-0,ruthpoblete@gmail.com,RUTHPOBLETE@GMAIL.COM,0,AQAAAAIAAYagAAAAEMHncyGKr0gPqOdfw+rTaK9UrdfSgIsXUOOyArJfvlZFMO3UqZe9nAR9WwqZWrZSPA==,P7E5AIHFJP22W467CVQOJDMMWEBKH3G2,8b6799db-0732-4eea-90ba-29e05db68ab8,,0,0,,1,0
196a51e3-4968-45f3-9cab-3e71142b76c2,2025-00020-LQ-0,2025-00020-LQ-0,beagutierrez@gmail.com,BEAGUTIERREZ@GMAIL.COM,0,AQAAAAIAAYagAAAAEGk4Dk392H8froVzRBBzugjnEk6YPUIIf/F/O/3KQ1Ho1CCbZ89oQixf6cw13XjwBA==,AR2SOVWYRSGPR6NTSITBAGRNGQ4VSK3A,cb5601b6-2b05-4f49-832a-2e885df62308,,0,0,,1,0
1d01cec2-9e0b-4320-bf9d-f7bc27e38345,2025-00003-LQ-0,2025-00003-LQ-0,josesantos@gmail.com,JOSESANTOS@GMAIL.COM,0,AQAAAAIAAYagAAAAEMjNgKSSUGelYcoNWXhEVQsY06cYj9N+qvu5xGvZqeBysXI0/sSQpiUC6JrMRPEh0w==,ZYETF5B5KD5FZ6O6LZIRWVRYIGH6L3SY,90e1892c-e9c6-4fa0-8f6c-d9ae7b51d1bf,,0,0,,1,0
1d8823b0-40ce-4c2f-8c76-6e0986be0ab1,2024-00049-LQ-0,2024-00049-LQ-0,jacob.manalo20260049@school.edu,JACOB.MANALO20260049@SCHOOL.EDU,0,AQAAAAIAAYagAAAAEAqycouRw4iOOQPJI4GNtxi0d3d4AqbL2k8Oboac4wYA+j5GoTEDldl7G/QawhtR7A==,VLCM5UONFLCUXDIUAJILGLBH4FQFHCTT,62981d12-4615-4ca4-95be-e2d1bbe42a19,,0,0,,1,0
2029152b-d306-4707-8bf7-ea55773cd28f,2024-00054-LQ-0,2024-00054-LQ-0,,,0,AQAAAAIAAYagAAAAEFHDoaUTBRkVO43IqAilzNFgbNJg6n3yo7xn22w7L3Rgx4wCgkxNyG4zcovSIDWCCA==,NQXAIPNY2JVEL75ZL2OI3TKJ3SM57LSF,61a207c1-312e-4636-b54c-bf302b41d346,,0,0,,1,0
2040e0a1-7567-4bde-8633-249430522b00,2025-00016-LQ-0,2025-00016-LQ-0,elainecruz@gmail.com,ELAINECRUZ@GMAIL.COM,0,AQAAAAIAAYagAAAAEGjPhnCzf+NFlIA6NCUDzARTVs6MRhKjFeEFDf/K5irZEpyJzjBBfsNRclernQdmHw==,753OUIO3IQXAMT7EWPOZXDYGDPNZ6GY5,b43f05aa-498e-4001-9b33-d14d777aed75,,0,0,,1,0
2137e4b8-260b-48cf-9921-51a6bbb52ba1,2023-00011-LQ-0,2023-00011-LQ-0,princessmalabuyoc@gmail.com,PRINCESSMALABUYOC@GMAIL.COM,0,AQAAAAIAAYagAAAAEHK22k46IKfJ/YkSfz6Xt2OhzivPOX2SiFqhD5/GBNiHWY6ZNY+k0MaTyQReK9C+MQ==,JBR6LVR3XF7TXYOLG5HQ6SC3GQSLV6U7,3ab8b6a4-ea0d-4bbc-a8f9-fe5489bb99d3,,0,0,,1,0
234a58d1-73d5-43d2-99ed-200c1625ef28,2024-00033-LQ-0,2024-00033-LQ-0,rafaeldelossantos@gmail.com,RAFAELDELOSSANTOS@GMAIL.COM,0,AQAAAAIAAYagAAAAEO5/7RiOaTNqghKaUeiVpEwIgIH2N2VFC0gl2zyy3Pz+Kw0ScbwP1mMQ2yn/sP5AHQ==,VRVZX2AGCV7XUVDUNKH2ZKEAWR5YFT2B,068244b7-f36a-4024-9b8a-36f10067b3a6,,0,0,,1,0
245fa3c6-0b84-477a-acec-203b3672e241,2023-00001-LQ-0,2023-00001-LQ-0,johnsmith@gmail.com,JOHNSMITH@GMAIL.COM,0,AQAAAAIAAYagAAAAENEHo+LDSFbz4hlVF5YNUctSZkvuy3yjZk9oFWrYBo2UCfWqUn44R9aTNKB0Qn3P8Q==,BK4SUMD3KPJ67PMG5NBJV462T25T3U5I,fe7ef182-9464-4d77-b546-6f36c001ed11,,0,0,,1,0
24fc0854-9dfa-4fb2-979d-042b1b167402,2023-00054-LQ-0,2023-00054-LQ-0,olivia.rosales20260054@school.edu,OLIVIA.ROSALES20260054@SCHOOL.EDU,0,AQAAAAIAAYagAAAAEGgXMVfoZh+FDC8ys2YkhTrvTLcys+bpzMbQ7gOIcZ030EUjbRhS5uk0hlA6t1krPw==,6ASP6WXKU362CPE2YVNEG4SVAIQCU2ZQ,0cfa6252-b6c1-41fe-96c4-8ef0fda63e6e,,0,0,,1,0
250d9a97-9e63-4b5e-8321-dfc7d11f6275,2023-00043-LQ-0,2023-00043-LQ-0,cedricnatividad@gmail.com,CEDRICNATIVIDAD@GMAIL.COM,0,AQAAAAIAAYagAAAAEM/j8j7HBI7HA7mHjqrRgRK7vU933IlPzI7t4rbzeC68IkllEiyi5yVslAzVDvcSog==,55PCIM3IOD2PNKIYQKVNAXOPCZLA4PJ5,25e179d6-f007-42e2-886d-2e907767e9b0,,0,0,,1,0
261ba701-d2e3-449c-af6e-ef3ebd7d0259,2025-00008-LQ-0,2025-00008-LQ-0,kevinramos@gmail.com,KEVINRAMOS@GMAIL.COM,0,AQAAAAIAAYagAAAAEOq/ew864PMCP3HqxEps27zpGnrtFSlvu/naKl+5W6nW0pz4zIRC755M7ShLZfhMYA==,RA3CR26NAU4YZTSBRZEHT5TKX7DPNGSQ,012c2e67-a84f-4738-b1d7-e361da15038a,,0,0,,1,0
2670a9e0-0ab5-453d-9b2a-250cc73d81ca,2023-00052-LQ-0,2023-00052-LQ-0,monica.pineda20260052@school.edu,MONICA.PINEDA20260052@SCHOOL.EDU,0,AQAAAAIAAYagAAAAEKPkIlymaxUB6t536A2ycNo5CLkIgxbxxnddt9QKFV3BDLjOZB9oiBjmtYl1XID6Dg==,E64HCZOCDASN5523UR3WVOSRWFGWYUCM,141246b4-47b6-43c5-a2ff-a5cf4970a9ce,,0,0,,1,0
2813c76c-ff89-43fd-b2e4-7df69bb357f9,2025-00021-LQ-0,2025-00021-LQ-0,julia.salazar20260031@school.edu,JULIA.SALAZAR20260031@SCHOOL.EDU,0,AQAAAAIAAYagAAAAEEe8ef6DGZ/wMPex8DgzVfnKo/8rFtdMZ/gWrigxQOhbQaGEIlonkOqKqLt/IuNQ/g==,35K5PAY6PDU4NAT7SS2JLU5BSGJ2PXNO,f24d1d99-f8b2-4fdc-82dd-33cbac58e20d,,0,0,,1,0
2a2e0848-d57d-47f0-bc3e-fac93f329fcf,2025-00029-LQ-0,2025-00029-LQ-0,faith.co20260039@school.edu,FAITH.CO20260039@SCHOOL.EDU,0,AQAAAAIAAYagAAAAEEbYqg0V/0LjtAjAEkW7KEzfcpT2JkTiuwO5KhFDFv5Gmix/N1IQYDuNCHoOXt9gRA==,JL2VLFYSBF3ZOA6KRSV744JTL23USTU7,c6281a13-9276-41a3-b03c-ba51eb154908,,0,0,,1,0
2a4d2855-069f-4054-927c-fca13ee47443,2025-0001069-LQ-0,2025-0001069-LQ-0,elijah.flores20260007@school.edu,ELIJAH.FLORES20260007@SCHOOL.EDU,0,AQAAAAIAAYagAAAAEPJhSE5E40KOjugYKuh6qoZPcR2NkUT3EC7aW+yGRqCUzD9FjveZ6OtZxg6w/xnt9A==,WFPF25F7TZWUERC4SOHAUGT2QJKBZIOY,dc17ff3d-7f86-40b4-8643-4a897d1352e7,,0,0,,1,0
2ad2c5d3-1da0-493e-912c-f0d29f840883,2022-00058-LQ-0,2022-00058-LQ-0,rosecuevas@gmail.com,ROSECUEVAS@GMAIL.COM,0,AQAAAAIAAYagAAAAEDmLbB28VKUN9W4jgemboHyPre/rWwXncQEbP6FE1IzTpmJpbUIIUeaO2MsM03eFSg==,XUD5UP4KXXDMCAA5OFHMTXXXD65DJTUG,3fa9cdfc-842e-48e7-ad52-47c29ccf4882,,0,0,,1,0
2b2febee-e975-47c5-b1ed-6f67d9c8d38a,2024-00051-LQ-0,2024-00051-LQ-0,,,0,AQAAAAIAAYagAAAAEHL4xg1q+561iPZ2vIb/UDBi9zDhBMlZKYiJxaP9p+u8YH+EumlSeuaZqc+O3xxERQ==,5DCGSGWYKLKCA3J67F4JNGY2VBMI4BBO,31606f6c-8a1e-433c-b8fa-2f1b79ed4ee1,,0,0,,1,0
2b7c9af4-70a4-45b2-8174-0e9ef4209acb,2022-00059-LQ-0,2022-00059-LQ-0,seandizon@gmail.com,SEANDIZON@GMAIL.COM,0,AQAAAAIAAYagAAAAEMvnJ7PbuXHMo5MXad7zmj16K2Kx1g8ULVDvD9QdFbGTDdvvilx+c0wjCkw88c3+Qg==,3CNKVW6H45ZF57KAH25P4B5MISJ5HZ2N,91fe5ceb-20e4-404a-8ec4-ef24479db7ee,,0,0,,1,0
2d3342c1-26d1-42dd-979f-b5149e02f116,2024-00055-LQ-0,2024-00055-LQ-0,,,0,AQAAAAIAAYagAAAAENhBlXDxXZNo4QuDpCB1AIIRsl74b9gk4lCLM6zk4DkCk5qiCLpJ6jYYSFxloVcpAw==,VNM3K6MKLSS7C3EWVOETUBNI5JQHX6Z3,7a169e36-47cf-410a-9528-cb6372c7bd94,,0,0,,1,0
2d6c99e1-620f-4797-a10f-48cae84ad638,2023-00050-LQ-0,2023-00050-LQ-0,juliauy@gmail.com,JULIAUY@GMAIL.COM,0,AQAAAAIAAYagAAAAEG1/8Hr+iOPz0qcBHqFhM4D/Aobesonp6NFPqNy4JcX/NmHb77l3VeYumzKRWiwH3w==,PXANDUAB5WS6VBLMCRUD3XFGBUHZWENF,8e125bfe-583a-4221-8fd3-1e013d22adf2,,0,0,,1,0
2f73371c-e97d-405f-a630-be415d9f4fd0,2022-00053-LQ-0,2022-00053-LQ-0,mattxavier@gmail.com,MATTXAVIER@GMAIL.COM,0,AQAAAAIAAYagAAAAEFVc4SHQTpD9iRkGC8LL7mBrN8yIDEjBalh0UUuHA9IQVAGKzHVHq4dJXIRswlDBjw==,J7M6LGGVRBD6UTRFT43AHELLSH5YV7RV,18175a04-adaa-48fa-ad60-1adea942f735,,0,0,,1,0
317717e9-db20-4ccd-84c2-bc9ebf094284,2025-00026-LQ-0,2025-00026-LQ-0,carla.zulueta20260036@school.edu,CARLA.ZULUETA20260036@SCHOOL.EDU,0,AQAAAAIAAYagAAAAEPsSV12orVdITgroujPQlF+GW2f+/agwrU0y4Na19HqWFbO6v5lzozPbUqHuSj2Z5A==,QUSENYLNM2QMGHHTZIVZW4SF6PIW6YPD,79b4337b-d66c-4cc2-82c8-e53f51e0c942,,0,0,,1,0
355ed232-86e2-450c-a5c0-68239934a026,2023-00046-LQ-0,2023-00046-LQ-0,juandelacruz@gmail.com,JUANDELACRUZ@GMAIL.COM,0,AQAAAAIAAYagAAAAEBW0j0urFYr5XaUEm1OJV9kUAvZweO9kAwlKovYIIDhvMgvN4sEJgI79G6Kgs//IfQ==,RBKJIGDYCOV2XHAX6VPRICB7DXQKJ54O,e90adb53-c2a0-475f-bbbc-94d920728854,,0,0,,1,0
3636c501-0d02-485e-b28e-1ecf23d4665b,2023-00018-LQ-0,2023-00018-LQ-0,lynnelbarroa@gmail.com,LYNNELBARROA@GMAIL.COM,0,AQAAAAIAAYagAAAAEEJ6p4J/v1mrfw8liRy1nF22YU2IvNF+X9PUq9q3NEzmJRhU21PKCanITg1MtzZycA==,XIASR742MZUEODBV55FEEAX5YHRJYE6X,d51d92bd-4abe-447f-b5ab-02a58ce8867f,,0,0,,1,0
38580789-5a88-4ebf-a46d-995aaee5ffaa,2022-00060-LQ-0,2022-00060-LQ-0,tinaespino@gmail.com,TINAESPINO@GMAIL.COM,0,AQAAAAIAAYagAAAAELj9YDSg0gbPQSx3FmsmVgiTYucuQwWlyHJd6TQO74Izs6NbXJjeLlOg94MSrNIavg==,GPJ6JA6AIVMGCPLZ7EGJI4PZMGBYSTKQ,f34039a8-51f9-4cb4-877b-4e7e637ff182,,0,0,,1,0
3956064c-9bec-41c2-9643-5018fb90e256,2025-00025-LQ-0,2025-00025-LQ-0,bianca.yap20260035@school.edu,BIANCA.YAP20260035@SCHOOL.EDU,0,AQAAAAIAAYagAAAAEAPwglH5SbFGb0Tf5gK5EpUfdMiU+Ym4/9CaUZg39ttB8rU1CYRLX51fg8b9ulQReA==,NZTASXYECSSDIRM5HEIEVGF7ESJ5CDHT,bcf611d5-5c9b-4510-8e61-923a8444cbcd,,0,0,,1,0
3a2a2b2a-3572-4802-a047-7b6a11e7b7d7,2023-00060-LQ-0,2023-00060-LQ-0,yasmin.yu20260060@school.edu,YASMIN.YU20260060@SCHOOL.EDU,0,AQAAAAIAAYagAAAAEGtXAnb/FhZgtz3f9X7ldi4l+F+B18RE+akexP8G5LPjhHYb12pVy4oUiTQWCSnpww==,LVPUCQUAEAKD3WE2KCPW5EIQBXEKICFL,a167f894-2ace-4994-b230-6d246c59765c,,0,0,,1,0
3f4079e4-b095-42ff-a4cb-ebbf6944e5c6,2025-00013-LQ-0,2025-00013-LQ-0,danielvillanueva@gmail.com,DANIELVILLANUEVA@GMAIL.COM,0,AQAAAAIAAYagAAAAEHNBzSTdXmYjkPkGkqka+9aCkb178Qzno8q9/W48f6VMFGyK4F0MlNiryYOciY8p+Q==,7FLOTGAMEGTGEKAFSYHEZ77LHD6ZR3TM,e6856fd5-ce87-48f9-b0f1-cf906e4ef228,,0,0,,1,0
3fdfc8c8-2824-40a6-99d1-3c332850867d,2024-00027-LQ-0,2024-00027-LQ-0,camillevaldez@gmail.com,CAMILLEVALDEZ@GMAIL.COM,0,AQAAAAIAAYagAAAAENeZzmmhM/gPyNF2huM5onumN6SuuwgLVF7xZ5lDKV9yvsUzc2iDnuzVxnXtqHoUmA==,4XHIFQU55IXYJ5YUJOHXSWJGMREMVXQE,f9f33b54-361f-4f88-8733-879bade241c7,,0,0,,1,0
411f1f4f-8cad-4b26-b571-fbb598ee8913,2023-00035-LQ-0,2023-00035-LQ-0,shanemanadan@gmail.com,SHANEMANADAN@GMAIL.COM,0,AQAAAAIAAYagAAAAEPMtFKt+i5RP07UY7M6ClWIJ9mYqQmj5iAxDVa4wIPPx67hGYNcT5yHCLGPvcU4YSQ==,NGFQPF67QJDIHBMS32L2FP3SMTXVNBRR,3fdcc877-be1e-491c-bee7-ddba2208f147,,0,0,,1,0
44cc9b3f-0475-4a7f-a4bb-3789aa444b2f,2022-00065-LQ-0,2022-00065-LQ-0,ryan.morales20260025@school.edu,RYAN.MORALES20260025@SCHOOL.EDU,0,AQAAAAIAAYagAAAAEEKcawyvD3SK7uG2euK8GKQMKzj+iCO1XwJerY7YCAVeH+WiEjPgJwpJUwml9r1j6g==,PC53HVJL4RGANJHKUAE65ECS6KZHE6V3,0cea7aca-b921-4e92-aaf4-403b300f9d41,,0,0,,1,0
46bedd66-0ef0-442e-8e60-59d3debc3e1b,2024-00057-LQ-0,2024-00057-LQ-0,zoe.fernandez20260019@school.edu,ZOE.FERNANDEZ20260019@SCHOOL.EDU,0,AQAAAAIAAYagAAAAEC4ZXlwLhGI09cBhX0LizxPumToSjs+ndJHopus+vDqO0mhmH+E71P54t6gtnBCLYQ==,DLZXSDL7ICNJZQM7E5XPHV5V6BUJFTBW,a1ddd5f8-571e-4c0e-b6ff-6013ce2de44b,,0,0,,1,0
47844053-5ca8-4e67-9513-9446f63ba10a,2022-00055-LQ-0,2022-00055-LQ-0,owenzubiri@gmail.com,OWENZUBIRI@GMAIL.COM,0,AQAAAAIAAYagAAAAEIzJkv46Cy90vd3tQf1HSrG6WhQ8cGepN/2SNMZv+dulwMUwpEi9KRnvTaRqw9ygWg==,HWF5GJXOKFJSPWAIGBRC66KEMHH2LH7Y,fde585a8-3597-4768-beac-38639815fe9c,,0,0,,1,0
47d8c38f-1058-410b-8f90-1deb60231ced,2023-00002-LQ-0,2023-00002-LQ-0,jenelynrejano@gmail.com,JENELYNREJANO@GMAIL.COM,0,AQAAAAIAAYagAAAAENUS0AcQ6s4KqZ+cAs9ZCULoCr+Fdv4oP/RxzFVq+8H/qK0xIIHd7bbwxOoYw423OA==,BWWY37ADUMI436JUPL23H3ET3HZIL6Q2,a55fc352-a461-4944-bedb-fad54e726a0f,,0,0,,1,0
493892c1-aa31-4f1c-829c-7622955d61fb,2024-00047-LQ-0,2024-00047-LQ-0,,,0,AQAAAAIAAYagAAAAEO5YAlrNdE70pL7Rw/+cazYgOHVuXrOJLnBi1cwACLjXgA+Lc5aaZqkiyMbOWbg8Mg==,XL4GATZAY5KBQPAYQV2AOUYX2GUHFISH,6eaeb108-5eac-428a-a302-567a4d8f08b7,,0,0,,1,0
4a116996-910f-4c94-a004-680e3bf00bd8,2025-00006-LQ-0,2025-00006-LQ-0,paolotorres@gmail.com,PAOLOTORRES@GMAIL.COM,0,AQAAAAIAAYagAAAAEPmVWD8n1E+3ZYdCU8BZB/Zhrvw3K9GyHNKskweFB8byiQ45zd7+/tlmMWnoM4LSfA==,WPZOG33ICV6C33IV5VH5RCIHXPKZGNAN,94184b3a-919e-43d8-9b97-aed597aae7bc,,0,0,,1,0
4ad22d88-ee07-432c-a123-51b2c2245a75,2022-00051-LQ-0,2022-00051-LQ-0,kylevargas@gmail.com,KYLEVARGAS@GMAIL.COM,0,AQAAAAIAAYagAAAAEPhrKmI4QkkNgbIjEXZXOQXcfWqz0IxLUWKnHiIaeTmye9FH4APcR/z7Ma0UZXpClQ==,ERPAOZ6TTZDX63WTDVADXJUJSK6FPAD6,993944ff-034d-4bdb-be7d-5d95f85cc0c7,,0,0,,1,0
4cc4d8d0-6ba5-425f-bbce-61e338b27a38,2024-00039-LQ-0,2024-00039-LQ-0,emmanjacinto@gmail.com,EMMANJACINTO@GMAIL.COM,0,AQAAAAIAAYagAAAAEFOxQJMSaQVusCJl3xRwLAAub5Yi+ZHp69QUMYJoYDWUhq/KGXW7yvZKnPC1AB+9/Q==,ZFSG6TEHMNKLNNSYL6WUOTGYLMWPSVX3,1b956e31-0801-4566-9fce-f0780ca18c82,,0,0,,1,0
4e4f0895-ddf1-4e35-8419-66bc7ec74519,2023-00057-LQ-0,2023-00057-LQ-0,samantha.urbano20260057@school.edu,SAMANTHA.URBANO20260057@SCHOOL.EDU,0,AQAAAAIAAYagAAAAEJh1d3rvFVPa1lP+LsrmeQl7QL32eA3XlGgqlgOZEj6H9dBzyNccrohXwhce21TUXg==,RW7CGFN5XJAIOTCKTDS4WN32C3KNKMSX,c1afc1d3-1069-4199-a3c7-d72b345fb90d,,0,0,,1,0
4f22388f-f12b-48b3-94a4-a7aeeef0bba5,2023-00456-LQ-0,2023-00456-LQ-0,mariareyes@gmail.com,MARIAREYES@GMAIL.COM,0,AQAAAAIAAYagAAAAEEXD3aF+ieM13NrkF4OOTqjfj7FxCwxByDUgAlumYxbeiGlaRpLI6njZ43pTyW5BxA==,45OVXQRSJ3XLDOBORUVYRGYVVQHHUPZC,d2cc27fb-481f-4a5d-9b95-3be4348b1a66,,0,0,,1,0
4f707cc7-c2fa-4904-ad2e-bf55b3931f5c,2025-00010-LQ-0,2025-00010-LQ-0,ryannavarro@gmail.com,RYANNAVARRO@GMAIL.COM,0,AQAAAAIAAYagAAAAEEQSanZsUSKGsb061yC/DCWYJ8pDbTpEzNEsrP3ck9lhuHSr4Hr2xpoqo67zSuij0w==,W4OAVOSZZYOJ3I3JQWT4FGZRXKCPLQM3,baed515b-91f3-4e69-b65d-7029283d56cc,,0,0,,1,0
5046b463-f16f-4400-a1b9-793a91b64918,2023-00045-LQ-0,2023-00045-LQ-0,ethanperez@gmail.com,ETHANPEREZ@GMAIL.COM,0,AQAAAAIAAYagAAAAENIadp2ATyTAsucs6OSQZSm3quNepPBH4yag8DAW68esO72kWRCQOPMmVl76qrOHIw==,YMXWFM5KNSWWA53TSEK6N5WYPBVE5VGQ,1923c3b2-d497-42b3-9cb0-acd4922be6aa,,0,0,,1,0
5410b5d8-b50e-43e7-a530-1c2ea6aae67d,2023-00131-LQ-0,2023-00131-LQ-0,davepetallano@gmail.com,DAVEPETALLANO@GMAIL.COM,0,AQAAAAIAAYagAAAAEK5rXVQcGljnrFYYGGUAhn9YdyKdPSAp23NrDa/iWPfKSrt5tH8SOaZxx4MtSA4zxw==,A557TGEX6D4AN4643YFU5KQU7BU4H2T2,071f36b4-cd1c-461a-a198-537ea42f113d,,0,0,,1,0
56b28da1-e5cc-4f47-b1d6-a011dc66a1fc,2024-00037-LQ-0,2024-00037-LQ-0,paulhernandez@gmail.com,PAULHERNANDEZ@GMAIL.COM,0,AQAAAAIAAYagAAAAENRLNAU8WbQM7SDtsea6YJIm6ZGVADWuw4GoYwUgDx3pPwvwS8djYLoTnvFuYZ4A+A==,XZJBZP626BX3JXQ334FMW3JMVABAXDB5,cebfdcff-e738-4ac4-b04b-e44d13d42f4d,,0,0,,1,0
57159903-793b-4a6f-9503-d0f04d4f3d96,2024-00026-LQ-0,2024-00026-LQ-0,leosoriano@gmail.com,LEOSORIANO@GMAIL.COM,0,AQAAAAIAAYagAAAAEF/jrJc/28suj28Ev7Z02dxaQ3RId3dWx0nBlmd73GPcbw8gWRk35QVVNQPtd0ytuw==,TFD2KXDTW2NHWOPWSUUKE6TYIGDGPPXM,1048d2e2-84df-4786-93a4-ebebdbf7d81c,,0,0,,1,0
6727519d-74bb-450b-8390-3f3bf90b5e82,2024-00042-LQ-0,2024-00042-LQ-0,nathan.fajardo20260042@school.edu,NATHAN.FAJARDO20260042@SCHOOL.EDU,0,AQAAAAIAAYagAAAAECXPfSZzjpilX8T68DBFWuwLuP3YJgqPvvu69kJmbpPnLrjIWK+sxEBokr+GOiQO2g==,BTV6RLAWZJXA7KBRCE3QBR4ZTFUQRKPP,f89ed75a-4533-46db-a255-4c6c56409eee,,0,0,,1,0
69508eb0-c6ac-4f64-a62b-e02689463ad8,2024-00025-LQ-0,2024-00025-LQ-0,ninarivera@gmail.com,NINARIVERA@GMAIL.COM,0,AQAAAAIAAYagAAAAEHol4BzwIUZ57prn5goEFte+ZfAwsIO6hAA2GO4EzXzOD9fZaKqiIswTHUHY7lzkAg==,NTOKAIKMLEZUCCBSXFD3ZYB2U64JNRJC,b3ca2392-1a88-4041-9bde-15f7939dc3f6,,0,0,,1,0
6c2846b3-6b02-4f70-9559-95f6a3593c35,2023-00056-LQ-0,2023-00056-LQ-0,rhea.tolentino20260056@school.edu,RHEA.TOLENTINO20260056@SCHOOL.EDU,0,AQAAAAIAAYagAAAAEMFR2HJYndNLNwWDpJ0Cchh56gEOTU2+ocENsrQoMELoT+hiCLZzIbVjGl7sOYAQAQ==,46E3LO2BVIQMV6AXTXTJOKPUA2GQZDMT,0aee6c92-71e8-46a3-b86a-fb96bd29db5e,,0,0,,1,0
6d7e1b46-394a-4df3-ae58-6990dacdbe79,2024-00021-LQ-0,2024-00021-LQ-0,jaredchavez@gmail.com,JAREDCHAVEZ@GMAIL.COM,0,AQAAAAIAAYagAAAAEP3m1KJ+cTleJ63DYobbpQ6mOnl+fi8AQW4V9Z5sP7jyInfnaolwnlXro29KU9lvvQ==,HYPR3CQBYPS4D3DO3TRLSU2AMIFBTYXA,6a240fdf-79c5-4dab-b4b5-c0bf1e51e37c,,0,0,,1,0
6da0345a-0e1b-4b61-95ee-665cb24ec071,2024-00044-LQ-0,2024-00044-LQ-0,caleb.herrera20260044@school.edu,CALEB.HERRERA20260044@SCHOOL.EDU,0,AQAAAAIAAYagAAAAEC/3XTZcZC/8jeDBLtomzfP4MBUiMlym0Gc703BQSEVl/82gJWysDNujHwl74izrPQ==,7BLSYBZKDP7HWTE5SCD6NJ6HVOBN3YHL,12cc22be-8e7a-4c36-b965-ee9d9d349878,,0,0,,1,0
7052ab73-bd01-40cc-8ddf-8cf324fde991,2023-00012-LQ-0,2023-00012-LQ-0,jazmynebasco@gmail.com,JAZMYNEBASCO@GMAIL.COM,0,AQAAAAIAAYagAAAAEKBu/BTaJJti8JALMP91OQjcyTHumLxx9nvkCUgs9nMU24YC73IBQQYjggDWsslmlw==,GK6WSYTLRWWHX3C7LM77TSKCM2MEK6VE,7552a80c-425c-492e-a743-dd002b6a98a6,,0,0,,1,0
70539c38-609a-4f75-8ab3-07e080907516,2024-00028-LQ-0,2024-00028-LQ-0,andreyap@gmail.com,ANDREYAP@GMAIL.COM,0,AQAAAAIAAYagAAAAEFXkOy3+NcKw4U4MC08Rm35gNN4ok5ViUoLzTomejn7H8jYc666lOAdt9IHMPzjMQg==,OB6GSNMFEO3PJHMZPLHVW5ASICPBFNQB,e3ab2f30-f612-4627-816e-2e623b3d3905,,0,0,,1,0
71881da9-39c8-49c9-a1ce-4ae93cb9b269,2022-00054-LQ-0,2022-00054-LQ-0,nicayu@gmail.com,NICAYU@GMAIL.COM,0,AQAAAAIAAYagAAAAENhewLN11zZVjqQY4YZargMQ+Wtf9EXDblR2XP9JImejFGusHHdeWrVAZmKNG8u7AA==,2FDTZZNR6D46KYPDYFGC7SKTJKS4TYQZ,b5e8fa39-36ce-4701-af69-4d85e4492eaf,,0,0,,1,0
750a8c00-c523-4aa0-bed0-fd5bbc789adf,2022-00061-LQ-0,2022-00061-LQ-0,john.hernandez20260021@school.edu,JOHN.HERNANDEZ20260021@SCHOOL.EDU,0,AQAAAAIAAYagAAAAEJ5KGimZjC94uUIAJAXqfmyLwU5LGYH5xbwDZh5nzVKA8Zcd3SjtIkIrzfdBTwtgUg==,PJXK7GFXGVDOGG6GGRMYLOOBABED7M3H,7da1d639-33eb-4f3b-86f8-15558cb18cf8,,0,0,,1,0
75f3ff5c-f7eb-4b5a-85c8-ac3389f09f17,2023-00010-LQ-0,2023-00010-LQ-0,marielpalaya@gmail.com,MARIELPALAYA@GMAIL.COM,0,AQAAAAIAAYagAAAAEA6AyBrtU4NuFXyxAYiZmdQJxWSC5GCkVCEzy2nrFlyuJWUXrK/tqhExDPH8MhJjOA==,77K33IPA5WPBXUC2D4NBPTIFFFYWCHY7,dadb18ea-8088-416b-9b6d-15a8255a443b,,0,0,,1,0
766aeee3-8bda-4b3d-955a-8175529b5634,2024-00022-LQ-0,2024-00022-LQ-0,kimfernandez@gmail.com,KIMFERNANDEZ@GMAIL.COM,0,AQAAAAIAAYagAAAAEOWZCby8bEUDCqXG1P2rjS1o5M0WJRoHSKpiGBUJ4VCBH+fjlvgeq8Lo0e/SW2sk3A==,6UCVOQYLM7U3F5RKQGJ7ILW6SPTB7COW,7cec22ae-2bda-4700-a47c-cb075787f4a0,,0,0,,1,0
76bb18a4-ec20-49c5-bc25-3d2d4cb7087b,2022-00067-LQ-0,2022-00067-LQ-0,daniel.ocampo20260027@school.edu,DANIEL.OCAMPO20260027@SCHOOL.EDU,0,AQAAAAIAAYagAAAAEE1RkFsgNvaVy3fYfpd29Zs30LKQJJElenJy6h66ZYMxh7nobNa8Ru4LDHPeoxkYtQ==,MTBH4JXCLDWWV3LRXTT3RVJYSTPDRRKZ,d7113235-b552-49f4-bdce-e175a82984f6,,0,0,,1,0
77aba0b9-d2b6-4d19-8133-3dd3ce5d1be4,2024-00041-LQ-0,2024-00041-LQ-0,joshua.espino20260041@school.edu,JOSHUA.ESPINO20260041@SCHOOL.EDU,0,AQAAAAIAAYagAAAAELhGtS9q1C000DJIt+vEbDAsyFleXZVNSGwwL1qcrmUEbmitnHwEXoBuVrmDXNYsdA==,UYIWZMLZJ5J6ZYO6TWDN2SMNFUA7GRS3,f7c8948d-3165-43d9-9794-9d09d065f560,,0,0,,1,0
77acbd63-e389-4d11-90fc-f243c8094798,2023-00009-LQ-0,2023-00009-LQ-0,pauleenconvento@gmail.com,PAULEENCONVENTO@GMAIL.COM,0,AQAAAAIAAYagAAAAEN1SZayjb4Jj1AwPYmtE7kwZcMxExz4BM2Fu0BBa5cSS98c1ZfjoJHcv+l0mX4+PsA==,KL2NSCUHV2NHQPDBNKWOQEJB5VR3HMS4,19b83a63-8ba4-4e23-8f50-6755d2378b2a,,0,0,,1,0
7b51d2b1-e660-4049-88e0-1626545f59b6,2023-00041-LQ-0,2023-00041-LQ-0,aaronlim@gmail.com,AARONLIM@GMAIL.COM,0,AQAAAAIAAYagAAAAEBb1hcH3fvllIWP9/OMTIsGtTVNJuqdkT5CrcxvAX9b6jUt8DAsWR8g2uX7elKWRfg==,DLKKQIYONXM75ZBLTKKKSLEYRUMEPL3G,2473bf79-ab53-40fd-80a8-92ecfcf1da84,,0,0,,1,0
7bc81bdc-aee2-4d02-a890-5f49234b6ed1,2023-00005-LQ-0,2023-00005-LQ-0,micaellamarzan@gmail.com,MICAELLAMARZAN@GMAIL.COM,0,AQAAAAIAAYagAAAAENq3SJajQgxgdJ/BZDtCXEkS398y667n2dJFD1Azmn7E5x+MZCqeBLdSpq8+Ak5FNg==,2VGCRTB6VKVR33RXIRVN5636C2O5BTAX,d93b0278-6897-4bc5-839a-6e2be909226e,,0,0,,1,0
7f390fe0-8535-4546-966b-e296fcc53f8c,2024-00056-LQ-0,2024-00056-LQ-0,hannah.estrada20260018@school.edu,HANNAH.ESTRADA20260018@SCHOOL.EDU,0,AQAAAAIAAYagAAAAEOmTb8glXR+OhsdJ1vdWlQc6YtjH9rGuuDwUaivW745c1c+f2sDqmHWRZkrvxTN8HQ==,QUZJCTQU6UES7SYTXWELESEG32FK5DIM,bec87bcd-fdcf-45ba-a626-f5d03c541a0c,,0,0,,1,0
83cd0877-81da-44d9-abfe-0590a9aefa94,2024-00045-LQ-0,2024-00045-LQ-0,dominic.ignacio20260045@school.edu,DOMINIC.IGNACIO20260045@SCHOOL.EDU,0,AQAAAAIAAYagAAAAEEvP9SHURi3Hkw8BA8Z0ClIV67rFa8qDc0/YT5GWEtHokYFN2YWFdwlRbb+y54K8nw==,G4UKTDBQUWV4WMIA6YQFQSH6RVONK3ZI,9dc40b86-626a-4c0a-817d-deafdceb7a3b,,0,0,,1,0
8748e84a-3b15-497c-8b8f-5cf58a21c0f6,2023-00047-LQ-0,2023-00047-LQ-0,mariadole@gmail.com,MARIADOLE@GMAIL.COM,0,AQAAAAIAAYagAAAAEJfbR7ucwCFQuE+GgusozCXo2XjAnAH6eE5pOpvILsn0K4cCLCgd3ZUZMfDEIFTY9Q==,32RX5R5CO7GL35JMTTUNREVCQR7EBSBJ,a237d1e9-c7ff-4473-9e71-e4ca500786da,,0,0,,1,0
879b391b-0758-46ce-b95e-4d6f2209cd6c,2024-00040-LQ-0,2024-00040-LQ-0,ricakhan@gmail.com,RICAKHAN@GMAIL.COM,0,AQAAAAIAAYagAAAAECrWPlz6Z5ubqlBbPRZhzp5u/fT8b4I3aD3kqAmIhquvkNl2Ouvjhe746PcrZunB/w==,NDLCH2KDX6SCQ5EZM2UUUOP3RMQI2DQJ,7dd8ead5-a838-485b-83a4-6b417a17f34f,,0,0,,1,0
87dafd87-7b0d-4e7c-8407-1693d5010a27,2024-00048-LQ-0,2024-00048-LQ-0,ian.luna20260048@school.edu,IAN.LUNA20260048@SCHOOL.EDU,0,AQAAAAIAAYagAAAAEHPo4antb0HugRqtZef3oaNcxkPB1ZCqSPDE38XExbZPRFR6A6L/7fQui95PSWnyww==,EVM4AWLE7QL2DRC7N3F2ANXDPYCVQZZ2,6cbfc0c4-111d-4753-93c3-1bcc370b6f55,,0,0,,1,0
8976c9fa-d4b4-4e21-8a8d-78c1569d8b1e,2024-00034-LQ-0,2024-00034-LQ-0,ava.delosreyes20260011@school.edu,AVA.DELOSREYES20260011@SCHOOL.EDU,0,AQAAAAIAAYagAAAAENvBHl08GoOgrwTr2nmkizNToyWtY1CFZbnns84F0fYKu770QpGaewH3NL/ytA70qg==,RBF4PUZQRJMJ25V5FK5G6EJQDIEZ7PMI,fd71202d-3fe8-4ad3-b2ee-5806a981dc87,,0,0,,1,0
8cd314d7-a6b7-456d-9505-311bdbf3a944,2023-00008-LQ-0,2023-00008-LQ-0,jesslagsa@gmail.com,JESSLAGSA@GMAIL.COM,0,AQAAAAIAAYagAAAAEEzY+zsC7N/1YU+PsY63rc3pCgHeZfhGT62/8MUwRoMfaDxZvbhqH8Zds/MVwOQf0w==,KL455Y2Q2VTKFREWATOSINFVKVHP54LH,e67d9fae-2578-41df-b3a7-6021f1b56e93,,0,0,,1,0
8d5288db-1a90-4a27-aa27-04ef522cff11,2024-00024-LQ-0,2024-00024-LQ-0,patrickpadilla@gmail.com,PATRICKPADILLA@GMAIL.COM,0,AQAAAAIAAYagAAAAEIu9X2Ab2GHUhyzRBKn0VgAl935fW/lEdJBbJXaVLDziYYMYMelaEqS7MBhVnEEnNg==,7CX2SN57YX4C6J7F2QFOXVXEYAUNSYD4,7756d39d-cdcf-4efb-90d6-faa8809e44bc,,0,0,,1,0
8fda47da-0162-4fc5-af33-fa51cf1897b5,2024-00046-LQ-0,2024-00046-LQ-0,felix.jimenez20260046@school.edu,FELIX.JIMENEZ20260046@SCHOOL.EDU,0,AQAAAAIAAYagAAAAEPqBekxn7rFkniNzUmL5FozdvUvZYyaZA3D6S3XbiNHPpI//QTvdilorqavfJH5dLA==,5EMT4LRZ4GMRQGECGGWEUSKLJCPYRBGX,c4421de2-c6a0-4a87-ae84-2e012b8a131f,,0,0,,1,0
90a7815e-9f6e-404c-aa13-6a05a05303e7,2025-00090-LQ-0,2025-00090-LQ-0,mariareyes@gmail.com,MARIAREYES@GMAIL.COM,0,AQAAAAIAAYagAAAAELPMllwzI4IGuk4gaYuoxvICXbmYOGJXhxFa5WP/gK6WwdHvpSUqRxGlZh49U/cvlA==,KLZBHKU525PVSWIDTYQLZST2KFMHNNCN,dc1ea26c-4011-48ce-9db0-8ae3683dd39e,,0,0,,1,0
918beeb4-f57d-43af-8a80-c6dc3123467f,2023-00044-LQ-0,2023-00044-LQ-0,dianeocampo@gmail.com,DIANEOCAMPO@GMAIL.COM,0,AQAAAAIAAYagAAAAEK0+N1LYwhGVC3x66SjW/UT8Bi+uBBwOUUznHvweUCtTVZChyO8Jr9rm05wqlWfYuQ==,67BA4OEZSH363ERF5RPMOTY5ZSCXNZQY,670b7dd2-62f3-482d-a86c-bc4f790fc0ae,,0,0,,1,0
91b77473-c0cc-4074-8cc7-b354eb3ea122,2025-000115-LQ-0,2025-000115-LQ-0,noah.reyes20260002@school.edu,NOAH.REYES20260002@SCHOOL.EDU,0,AQAAAAIAAYagAAAAEJv6jOq2+kqFoIfYBLpkBXUAY7Z4ZRUQ+ZvjoEXZMezo8tFywUkjHx1AUo5/23rEuA==,Z2MHZQRMWKFJPJGGZJ3GTYZIGXYMEIWB,6ffedb02-47fd-4a97-ae2e-ffaf869cdcc6,,0,0,,1,0
93d06c40-dd0a-40c5-9c4d-95afdf5f7be7,2025-00004-LQ-0,2025-00004-LQ-0,annagarcia@gmail.com,ANNAGARCIA@GMAIL.COM,0,AQAAAAIAAYagAAAAEJOk0/fTKyHfNWefYm9Oo46RR9W+nmAbu1wChaVdqVLPjrO5b4sgO/EIz1BTzJUeSg==,L2HN2TJKQ3AS5RX27IH2BQ4EQLCRVWQN,b7f87a43-1a63-4001-ac6e-489192a835b3,,0,0,,1,0
941a20fc-8b4d-48a8-83e9-58486eb5ff09,2025-00030-LQ-0,2025-00030-LQ-0,,,0,AQAAAAIAAYagAAAAEE5YUxdx1LYiWVyFlHiIl2S/2sF+z2xJ88BP7JS8MKKY89c2oM6wQ/aob0EORC6O9w==,MKN5SP4B55XIW4HE74FOWY6BVPW5NTO2,1ba1bff9-ceaa-4942-9f28-1a56fcb94e32,,0,0,,1,0
9483495b-7e92-4d71-8e87-82767094b7f4,2025-00027-LQ-0,2025-00027-LQ-0,diana.abad20260037@school.edu,DIANA.ABAD20260037@SCHOOL.EDU,0,AQAAAAIAAYagAAAAEARHRZPKKFj9aTmFbkqGUjWJj89FZ3mCg+asXTOLl2Hjc2mj70bYfUAphJvh11+ZiA==,XQVWETQOXVSZ5X54DQHFEMY6ZA3HRC4U,34fc1a59-2851-43b5-bf7d-078373baa134,,0,0,,1,0
94c07afc-1c24-4bd8-a14a-be46bb28bf1e,2023-00048-LQ-0,2023-00048-LQ-0,hannahsy@gmail.com,HANNAHSY@GMAIL.COM,0,AQAAAAIAAYagAAAAEPms5rVKW5AbKpGmkdKE/qJw07aeaooAdHmAOkfe7YzPReGQG0PgmD4WB/32qrXgYQ==,FT6AGMWO5BNNB27NTHWJS3JMWLOWDCCP,e519e527-af1a-43b6-9007-2c2effdc4988,,0,0,,1,0
982e12c7-4000-4085-85af-2391125d9730,2024-00032-LQ-0,2024-00032-LQ-0,joycortez@gmail.com,JOYCORTEZ@GMAIL.COM,0,AQAAAAIAAYagAAAAEAtMS+rdBn6eJ4a5tzOGKVB+xd94Av+xDJNA3KL/g7I2spK3Y+TLA/aX2z6n/xDgbw==,AMWWLBE7T4IFND22XBNOW2LWISRAXYSY,93a7c4bf-b11a-4c67-aed6-63e04a9d942f,,0,0,,1,0
9ba551ee-55c8-4d97-aa18-f64569abe6de,2022-00068-LQ-0,2022-00068-LQ-0,leo.padilla20260028@school.edu,LEO.PADILLA20260028@SCHOOL.EDU,0,AQAAAAIAAYagAAAAEJVJfOCuo3GTBQOpc2yy+GndM3/MWQlPbGpa4b0oTZ8peBFWwegmC+jEguGR9M4QRQ==,HC7DUH7GGFIURSID2Q7VYQEHJSWITZ4Z,dbe2448f-562a-4583-8bf1-b6a9d1cc729f,,0,0,,1,0
9c3f145e-3329-4ac1-877a-eb62f5f353d5,2025-00024-LQ-0,2025-00024-LQ-0,patricia.valdez20260034@school.edu,PATRICIA.VALDEZ20260034@SCHOOL.EDU,0,AQAAAAIAAYagAAAAEBKQI2QeSRSrt3eGW7nj0OLPKHHs+hyWwznGa730COrVjnXOSxBtjSHpZBOQTGq+Yg==,4YBVSICIZOWTXKSZBY2UAHJAKH6XXX3M,f7247875-7f05-48b4-84a2-8f4efadf072c,,0,0,,1,0
a2af8b0f-3069-4cdd-b720-ad701a33122c,2022-00056-LQ-0,2022-00056-LQ-0,piaalvarez@gmail.com,PIAALVAREZ@GMAIL.COM,0,AQAAAAIAAYagAAAAEBfzOZjyk6XRuCMyfCgvSQhYTTPOcY8Aac3QvUOXTRb3MaW4U9zaH1n4GDs85Rd9/g==,EVHND6M7W2YR5WEEPL4FZLGG6OOBTTSJ,2d822b33-9292-46e2-96f0-b6f7ca5f8a4a,,0,0,,1,0
a7137ee3-1f44-4bd3-8264-6e74e293c695,2025-00017-LQ-0,2025-00017-LQ-0,miguelpascual@gmail.com,MIGUELPASCUAL@GMAIL.COM,0,AQAAAAIAAYagAAAAEDuF4H2cKsyKv/pZS8PuGtf+M80m7aB/vKxpB/H2MACSF1zUrXzjXU/Y+IElPykU9A==,4SJ2E7JOGJPUJD27AJI5UEDFFXZILCBL,e240ca5a-a125-44cb-95b9-ae2ce78bdbd8,,0,0,,1,0
a728f32b-ed60-4d15-911a-64ca521c0268,2024-00058-LQ-0,2024-00058-LQ-0,nina.gomez20260020@school.edu,NINA.GOMEZ20260020@SCHOOL.EDU,0,AQAAAAIAAYagAAAAEBuQennKzY4kLHiJ/NmTr0Ye9anDe5jrpeWi2n/SkFxaOkddTe2/B9CxS66nac9KHQ==,Q56UHCLNXI5HAZK7AZP57CHN5JIDV2MV,174ed371-f869-4b88-b11f-786244aabc52,,0,0,,1,0
ab460cf2-42af-424a-a2dd-6bee1b59e56b,2025-00022-LQ-0,2025-00022-LQ-0,william.ramos20260008@school.edu,WILLIAM.RAMOS20260008@SCHOOL.EDU,0,AQAAAAIAAYagAAAAEOa0MzzkkUV4SvnIbk82NCl0AHPhq3XyZ1tYXk4qJiQbSxmHMPVqkaNUrzkB/5QZNg==,DSAZCKSXMDOBKY32JU37PPR33WYSKSRK,b0e36783-e7dd-4c5d-82a8-e658bb2fb7e7,,0,0,,1,0
abe1a538-b8a0-4d55-b700-c33c8e76d257,2025-00028-LQ-0,2025-00028-LQ-0,erika.borja20260038@school.edu,ERIKA.BORJA20260038@SCHOOL.EDU,0,AQAAAAIAAYagAAAAEKK9y2SBaUeB9kv3t3JJ8bE5wtFvsdJHPblON7rKLBGSI69noaPjsz2LetFJ5He9Lg==,BHBFO6SEDLTCJ43IC7BGYFO3P4U2HQ5M,bdcb62f7-72de-410a-b327-de67701054c4,,0,0,,1,0
abfd2a4b-78ec-45f3-ac4f-2f706f92ec72,2025-00011-LQ-0,2025-00011-LQ-0,chrislopez@gmail.com,CHRISLOPEZ@GMAIL.COM,0,AQAAAAIAAYagAAAAEIF4/yuvWx6Pp/O+6u9nAFJoUAMlnwYPDg1ai+E0qXP3k1N06uBT0wISVKwZOb5Ohw==,GHSXAZSZBKOG7TWHCUB3N5DR4NAD4WAJ,2d64f98f-a739-464c-999c-fddac73f0dcf,,0,0,,1,0
b44be873-4c5a-4a9a-96ec-5ca8b7bd3d4d,2025-00009-LQ-0,2025-00009-LQ-0,angelaaquino@gmail.com,ANGELAAQUINO@GMAIL.COM,0,AQAAAAIAAYagAAAAECew3XPkE0tiw53ImzWqbKrZSEc6MiKuQ7Wq0+Kx0FFJ544MV+xeNtedW5vBmv3kFA==,HZBMZAAKOR5W5RQCC6GA5TMSMOT2YFUR,9570524c-3a62-450a-afeb-ba769d114496,,0,0,,1,0
bb0395ba-639b-4c27-a81f-4f7a27866186,2023-00042-LQ-0,2023-00042-LQ-0,sophiavilan@gmail.com,SOPHIAVILAN@GMAIL.COM,0,AQAAAAIAAYagAAAAELzOV0fJYj1ZtYpmUKLYs1L3JCsNqhgs/4QZtfEoSlup17CywK9hl//iaJ1YjXGsTQ==,UAWZNDUMGXBSYFASPVU3PNVTBR46ETJX,977d1d98-f5a6-4c10-9eb4-94712d9fbe7c,,0,0,,1,0
bdc5fa27-3815-46b2-a56a-24b5430b8591,2022-00063-LQ-0,2022-00063-LQ-0,paul.jacinto20260023@school.edu,PAUL.JACINTO20260023@SCHOOL.EDU,0,AQAAAAIAAYagAAAAEATmNsQ/hZA55u+XPSlDFHEyasPiDqU9VjpxMGvIanD2/r32NciTDHg/tFauzZb6hw==,53KEDQFOGNEPMBI7K5APGV2ZJDQBY6BG,86df4d94-92f0-4abf-ad87-da027d913220,,0,0,,1,0
bebe80f1-f7e3-45cc-baff-21d065b28b57,2024-00053-LQ-0,2024-00053-LQ-0,ella.lim20260015@school.edu,ELLA.LIM20260015@SCHOOL.EDU,0,AQAAAAIAAYagAAAAEE4Np6Aus+p+QKMbSOBYMkpB2MmgBjcHPIMvEKu0NKErN4qo0GvoLZ9VpXQWmHCB7A==,TSIUHAVCY22G7XBXKUUSRJCVQTOHEYRG,80c615c2-c70d-42c5-ad44-4178bc8d4d4c,,0,0,,1,0
bfedf742-f218-4c34-a1ea-39b3171dc8f5,2024-00030-LQ-0,2024-00030-LQ-0,ivanaguilar@gmail.com,IVANAGUILAR@GMAIL.COM,0,AQAAAAIAAYagAAAAEBCkESHSsTf/vuvSrOdbSZoRP8ps76dgGRsKvOm02YdulD0k428w7CtejiuHw5Vdvw==,EZWYJOPGLG4DWLRTGLZQK63SIA6QB5PP,3153455a-5ca6-4926-b3d6-c8e543f735fd,,0,0,,1,0
c03a030d-e52d-4db7-b387-cef0ee34c8ef,2024-00038-LQ-0,2024-00038-LQ-0,katrinaignacio@gmail.com,KATRINAIGNACIO@GMAIL.COM,0,AQAAAAIAAYagAAAAEITni2bA3Npk8cSMdboIaqS5ypGvukHkl8aKeuFNDNtXCpyHCJ2TBGbbk8CwjWyqLA==,PYE3RIYQXLYEXMU4NNJJOQERIM654TQN,32984351-cbe9-457c-a831-3ea1a9b991dd,,0,0,,1,0
c25a6604-8378-4f3b-ba0f-6528968e6c22,2024-00031-LQ-0,2024-00031-LQ-0,marcobernardo@gmail.com,MARCOBERNARDO@GMAIL.COM,0,AQAAAAIAAYagAAAAEDimjIVhLH/4NHEPdotk0OllU1cDWSssf1sQYn6znPiqY5HTWSg2nndd24uDnq9EAw==,6ER35JN4BF3OCKEJ2RUO46N2UNPDX4PB,02cb5a9e-6931-4e41-b41f-287ddb75c443,,0,0,,1,0
c39f82ef-4896-4c5f-a968-c73cbb180f3b,2022-00057-LQ-0,2022-00057-LQ-0,quinnbriones@gmail.com,QUINNBRIONES@GMAIL.COM,0,AQAAAAIAAYagAAAAELS09+ivTii4zbZBP+RwSTR1gnoFBcjpoU9XPaNwHjPwT/s+pRNu6HGR01hkZaD55g==,A2KLXJWEHPTOXWNXMXPP6CYCBNEI7GDE,4a57f418-0952-4a79-b2ca-077807ee8fb8,,0,0,,1,0
c3c8a25e-e3e1-4e4f-a2a7-bcb2a6d5a5b7,2025-00019-LQ-0,2025-00019-LQ-0,henry.villanueva20260009@school.edu,HENRY.VILLANUEVA20260009@SCHOOL.EDU,0,AQAAAAIAAYagAAAAEErguVp3fwq61FoUVR/WMPWf8YwFPuotphtTxXi7cE2j2746hoFCWZJoLg1fBYP1Mg==,IQQ4MP5OG4RNNMM25ASDJJC6F2VFMI7N,1413a51c-da84-43fa-bbfe-88e5267215e5,,0,0,,1,0
c615a6cf-0fa9-4ed8-8427-9386a35159d2,2024-00043-LQ-0,2024-00043-LQ-0,aaron.gutierrez20260043@school.edu,AARON.GUTIERREZ20260043@SCHOOL.EDU,0,AQAAAAIAAYagAAAAEF6BvTASlh2wHOUZze+WlbvWFav4U4BHVYKjIrsEyjgeFxuPEn3GhRHVGOs/HTwD2Q==,7CE5YFDS3RNC22ORKMH35CXGHT2G5EUK,535f3aec-6fdd-444a-82ab-135f3a22f2a7,,0,0,,1,0
c62be158-b9f0-46ff-82ce-e87371d8ff4d,2022-00066-LQ-0,2022-00066-LQ-0,kevin.nolasco20260026@school.edu,KEVIN.NOLASCO20260026@SCHOOL.EDU,0,AQAAAAIAAYagAAAAEDuApZsEimNczxTXS5KWdp0iPPHzdc64nLKIQoIvLCf2cX/hcxuTP3rK0M2d8N8ckA==,XKQPKOBDKRK5PA2SFH6J7TWVFINWG57D,c7d6718e-3a88-4e88-ba70-29b40ed198a5,,0,0,,1,0
c84a2d6d-3991-40bd-b81e-6ec401afaaeb,2023-00031-LQ-0,2023-00031-LQ-0,lovelynavera@gmail.com,LOVELYNAVERA@GMAIL.COM,0,AQAAAAIAAYagAAAAEMj6J09KJ5jZMeuK76u2wsajjxC49V1rGqyIL3tWr5wlf3g/l+mjyRk9Jwjw7Gdl1w==,UKHZIQDOAWAVZUAVA5N3QMSON3FBE3NO,3c1ba58d-6de4-4a1b-93fd-c9131ecfe623,,0,0,,1,0
c8b7d512-7aec-4b5d-8b28-83f139ea2a6e,2024-000350-LQ-0,2024-000350-LQ-0,mia.castillo20260012@school.edu,MIA.CASTILLO20260012@SCHOOL.EDU,0,AQAAAAIAAYagAAAAED177LFpWCVwx15dHZ1Mcn7i6WHFG1ejYtVkzhv5HAy+6QjlgkaXEWyU7+5FpaJn+Q==,FTWWFFYP5BPUZ6ORQTHLTARBWG5SMUYH,f9320010-bd42-48d9-8c08-ba20f58d4afc,,0,0,,1,0
cb6fe0bd-9c9b-43d4-b152-982c89c20dba,2022-00070-LQ-0,2022-00070-LQ-0,chris.rivera20260030@school.edu,CHRIS.RIVERA20260030@SCHOOL.EDU,0,AQAAAAIAAYagAAAAEJAS0U+2jaX5QRiZ7vEejZ2UXb6K1wsJgCt3xYtCFkJYZimTHFidpKGbytrazJFWIw==,L3QSBVHIUVMGT7XZHYFX5HBH2A46PVV4,5b2c367a-e25b-4cdd-84f4-f06f2ebd2315,,0,0,,1,0
d0c47d7d-4799-4e73-92d2-9db759761ada,2023-00053-LQ-0,2023-00053-LQ-0,nicole.que20260053@school.edu,NICOLE.QUE20260053@SCHOOL.EDU,0,AQAAAAIAAYagAAAAEM9B2a/8ZibiQi79sYiQLe0l8JkqI9IkWzS8QfQb7BPCl20rEZmTlzeI2J9vZtH18Q==,5EP6DRRTJUVPNAV5X2VM443TLEAJHIIG,2acdd96b-916a-482e-a7b7-bdd9e7b03e89,,0,0,,1,0
d1d601ff-17d9-465b-8c53-e453ec8136a5,2025-0001067-LQ-0,2025-0001067-LQ-0,oliver.torres20260006@school.edu,OLIVER.TORRES20260006@SCHOOL.EDU,0,AQAAAAIAAYagAAAAECbIbaexHEa3Ow4SIWh8g5GfAXu8va1r/n1MjqmcEz/fgxyezy1RMDN93r3Fe9CcUw==,UZAU32PA7G6IIR2CB3K7E4QXDXQBYNX5,fd593a96-0966-41a9-ab88-cf42ec4c59a8,,0,0,,1,0
d4bbd0e7-0c47-4c18-83e0-5e5a74a1dc0b,2025-000128-LQ-0,2025-000128-LQ-0,ethan.cruz20260003@school.edu,ETHAN.CRUZ20260003@SCHOOL.EDU,0,AQAAAAIAAYagAAAAEMDfMx9colz2Rojfp2BfNSEhB20Ye9454/QMiSxNeQ7V8HBbn5LwKjhm9IN9KII0PQ==,CZSJHH7SCKRR7PDMNACBMQURWS2PZRW7,4eac0b25-3af3-49c9-b4d8-ed67b1a28d28,,0,0,,1,0
d4f67b19-957b-4df7-8594-a9a88e115564,2024-00052-LQ-0,2024-00052-LQ-0,isabella.pascual20260014@school.edu,ISABELLA.PASCUAL20260014@SCHOOL.EDU,0,AQAAAAIAAYagAAAAEJDKKO9o9ryyVPlNjyzkqc3QNRfBwqfDuMVopitZVDxa/PBK60pcK0cwBB26K3cqpA==,HJ2YPGBI5ZW3JZMRQ473UX6JV2S3XQSB,1cc089f8-0ff9-4440-8f60-1222dfc506d2,,0,0,,1,0
d547a8fe-525a-4c69-a92a-bdd617480d43,2022-00052-LQ-0,2022-00052-LQ-0,larawilkinson@gmail.com,LARAWILKINSON@GMAIL.COM,0,AQAAAAIAAYagAAAAEN7uxAa7pbIT4XpUV2yIuyexIG8BEukItw6NqRYOKYijvWeUF2i1THBG7L7XLxfs8g==,T6ZDZEDUWQM4LGDV3PDKPEZHJJDZKRVK,5a6ec650-59ed-4a19-8a29-9079f8ee780c,,0,0,,1,0
dbda6351-9ade-4329-9141-8b65642a1b2a,2025-00023-LQ-0,2025-00023-LQ-0,angela.uy20260033@school.edu,ANGELA.UY20260033@SCHOOL.EDU,0,AQAAAAIAAYagAAAAEMnKcvp1C7Nnk0cCuPgJmvSCFg0x5FIPcj+l2gwh+u6DbAzfw0ko/LzTY36yvL5Abg==,EY6YMVYB55E4BL63KFASNBQTHUV2CTXW,eefc0863-10d3-4955-b901-433f4c0bbf05,,0,0,,1,0
e50cfe67-71b3-47a5-9e53-64b8147ea228,2023-00049-LQ-0,2023-00049-LQ-0,iantan@gmail.com,IANTAN@GMAIL.COM,0,AQAAAAIAAYagAAAAEFZxjcSs0/O4nI4OAbnShJooR16fAZLeU8b1jDSt7i7Jzn5ezXvFR6bRGkgTL48+Tw==,HPESVMDXYEVFISICCU4YXHKWUCBTQC2V,29e5b32f-362d-45c2-969a-b9c461932391,,0,0,,1,0
e867c328-696e-4f49-bf6c-c838da6f3e47,2025-00001-LQ-0,2025-00001-LQ-0,juandelacruz@gmail.com,JUANDELACRUZ@GMAIL.COM,0,AQAAAAIAAYagAAAAEA++wfw2ytULcladiNxoT9iipsshg7YnXvC413PadYrtVzdXvVPrif/EB9V/nf4C0Q==,X7WFYJD53VLJFUGQ7NYIMYY446U4HOS3,79f29442-75df-4dc0-a33b-1e5e7a297d76,,0,0,,1,0
e88f9887-8ef9-4075-906a-1afb4c497d16,2023-00123-LQ-0,2023-00123-LQ-0,johndoe@gmail.com,JOHNDOE@GMAIL.COM,0,AQAAAAIAAYagAAAAEP8HCaPAcJKPKb1B8cFqewv/VOcPIrlIISLjg2vulwl6EdyC9cLPtzzlQk57tmPh4g==,VYHZ2HBR5W4JVJFUMSRNNE5Y7IIRL3VB,6111e08b-2a64-449c-b102-87ed0ea138e5,,0,0,,1,0
ed0ad5ef-23af-4ea6-ad31-eadda23f4200,2022-00069-LQ-0,2022-00069-LQ-0,alex.quinto20260029@school.edu,ALEX.QUINTO20260029@SCHOOL.EDU,0,AQAAAAIAAYagAAAAEACLtPGWUW+X4yWuzRahjW74jX5B3k54ieVAat3fyhLNKwDWlVUN2SfwE1ZGItNAbA==,LUF6J4JH2EMZMO5TUS3VTL7JBUA7YJBX,877751af-ac59-40d1-8eeb-bedc58e9417d,,0,0,,1,0
ef1a037e-aeef-4a9e-9cf9-d91975a1ff03,2025-00015-LQ-0,2025-00015-LQ-0,joshuabautista@gmail.com,JOSHUABAUTISTA@GMAIL.COM,0,AQAAAAIAAYagAAAAEHNa1Sx722yqWrvpQkK4QP1h+X3A3Crzx0LE8rb+df0/H7033Hd2Vc+MLwNgErRlhA==,TCSGUDTWOPW6FCNEKYT32Q7HFKSMQAJ5,1bb5024f-b906-41ce-8fd6-2f1c63d41572,,0,0,,1,0
f2c7b71d-f818-4637-9265-c0cc97d8e83d,2023-00055-LQ-0,2023-00055-LQ-0,paula.sison20260055@school.edu,PAULA.SISON20260055@SCHOOL.EDU,0,AQAAAAIAAYagAAAAEOVLLPnLAZmMXi37Bt7hDq504KQGKiEwgEgt6FkXoYarjo1lWtMmqni5nziBjdbdcA==,VHJPKSYIHZE5QCQOIGGN7L2EKTMG5PU6,6bedf706-e29e-447f-afff-951334628464,,0,0,,1,0
f42c6e88-7872-4573-8f21-88323459ec55,2024-00036-LQ-0,2024-00036-LQ-0,janinegonzales@gmail.com,JANINEGONZALES@GMAIL.COM,0,AQAAAAIAAYagAAAAEIcrfnYxbl1OS3OWXdwR1TAcuEdhKrE2WElrAX0feC3/bLC8aog65VjhJJX3uvPmDQ==,ZTYOP6KPEAH7IO3HLWATIZ2HWKVA65NQ,12b69dc7-0930-4c28-978d-385c2b2f5656,,0,0,,1,0
f5ab041b-d983-44a8-9d42-f89a3a310f29,2025-00018-LQ-0,2025-00018-LQ-0,sofiasalazar@gmail.com,SOFIASALAZAR@GMAIL.COM,0,AQAAAAIAAYagAAAAEMW50Rt5Z5t+bZ/e4x97ZQE8hHQ/6p1wnmUovVj3KNzQAf8xqshWsxMCR8XOd+CZ5A==,KBAZVUJDVVBCZWWPONUPLXAWPGFXGM4Y,968309cd-bec4-45d3-9786-6c0759620127,,0,0,,1,0
f667f6fb-7c34-4442-a3a3-c28d04e0e848,2025-00078-LQ-0,2025-00078-LQ-0,james.mendoza20260005@school.edu,JAMES.MENDOZA20260005@SCHOOL.EDU,0,AQAAAAIAAYagAAAAEIyysCgFmueUc6ZIs0q1OhS3KW74NdaAGQb1g0alBX5W/chEqb7MfIv1BtAE9up2/A==,KGV7WPDGVKNITCN6D5OJN7RCJTUFCMQL,6aefd66a-a617-4b44-99d2-bd8c232e305c,,0,0,,1,0
f79cc46a-16eb-4ce6-ba44-437a04723b25,2022-00062-LQ-0,2022-00062-LQ-0,mark.ibarra20260022@school.edu,MARK.IBARRA20260022@SCHOOL.EDU,0,AQAAAAIAAYagAAAAEA9BmU1R0k4cJjaUnjueN4ApIoDFB7wJ5dCesnoE1CI6KmscqujScApoqVqdgYR0bw==,CJUUOZJ2ANXUA6HHHLFJIBQYJTFVGWED,c431705d-250a-49ba-b9a8-acbf55af5644,,0,0,,1,0
fc1cd51c-5624-4f20-9cf1-9c58dde02edd,2024-00023-LQ-0,2024-00023-LQ-0,alyssaluna@gmail.com,ALYSSALUNA@GMAIL.COM,0,AQAAAAIAAYagAAAAECnua3a4ZIAY4sSVy6JT4QIcYpRWW9C0CGDHGSWanrz09+OubKJBfPK0gUl9xPe8Kw==,ZR7HSFXOG7F7NYDGAITQPZO5W7UIAN5U,84e6f7d2-36be-4a4b-9bc3-da1ddcd2253b,,0,0,,1,0
fcb3797b-d085-4896-b47a-0e48b3581670,2023-00178-LQ-0,2023-00178-LQ-0,elijahyap@gmail.com,ELIJAHYAP@GMAIL.COM,0,AQAAAAIAAYagAAAAECUIhTBZkaQnLossCZKBEEyIvEW5GIoZHHbmzKr4shWZxiPBBAoLl5VmkdZRqSFojA==,HRQPGDVXCEMX63P7K6FYBHYABE75VSF4,8f94d9ee-d9b0-4af1-abeb-965af7d000da,,0,0,,1,0
fd4dd887-fb96-42c4-ac34-8e3009d3b464,2025-00012-LQ-0,2025-00012-LQ-0,michael.aquino20260010@school.edu,MICHAEL.AQUINO20260010@SCHOOL.EDU,0,AQAAAAIAAYagAAAAEORHib2SstIetxDgB+kcyeyqAIVRmNlf7iz/n0QYwOFa1mDXLORP/alwTRvxpGrXIQ==,B43TBWNCBY7A7VCER4FCKPI3TADKATCP,bd1385d6-2bd2-40b8-8d3a-491f6a402de6,,0,0,,1,0
fefe8f39-617a-4a8c-90ec-49aadf2ca408,admin,ADMIN,admin@ibits.org,ADMIN@IBITS.ORG,1,AQAAAAIAAYagAAAAEIzyVppyVzYeR31BMlKCLdN/tJ2epBWKH2VvOhe2B85/Eyxgj0MYKWYV9/aKZOCC8g==,VPVFDVZYLRNMUSPVVGOKDQKY3RRJH6FY,e2219776-4293-48da-87af-a8d387f63a62,,0,0,,1,0
